{
    "best_model": "gradient_boosting",
    "models": {
        "logistic_regression": {
            "accuracy": 0.8048261178140526,
            "precision": 0.6551724137931034,
            "recall": 0.5588235294117647,
            "f1": 0.6031746031746031,
            "roc_auc": 0.8427135808209977
        },
        "random_forest": {
            "accuracy": 0.7636621717530163,
            "precision": 0.548235294117647,
            "recall": 0.6229946524064172,
            "f1": 0.5832290362953693,
            "roc_auc": 0.8230101526776719
        },
        "gradient_boosting": {
            "accuracy": 0.8062455642299503,
            "precision": 0.6735395189003437,
            "recall": 0.5240641711229946,
            "f1": 0.5894736842105263,
            "roc_auc": 0.8433335916711876
        }
    }
}