{
    "best_model": "gradient_boosting",
    "selection_metric": "cv_roc_auc",
    "models": {
        "logistic_regression": {
            "cv_roc_auc": 0.84632115619594,
            "best_params": {
                "classifier__solver": "lbfgs",
                "classifier__C": 10
            },
            "accuracy": 0.8055358410220014,
            "precision": 0.6572327044025157,
            "recall": 0.5588235294117647,
            "f1": 0.6040462427745664,
            "roc_auc": 0.8411558035598958
        },
        "random_forest": {
            "cv_roc_auc": 0.84555302964544,
            "best_params": {
                "classifier__n_estimators": 300,
                "classifier__min_samples_split": 5,
                "classifier__min_samples_leaf": 4,
                "classifier__max_depth": 10
            },
            "accuracy": 0.7544357700496807,
            "precision": 0.5252707581227437,
            "recall": 0.7780748663101604,
            "f1": 0.6271551724137931,
            "roc_auc": 0.8417021881216254
        },
        "gradient_boosting": {
            "cv_roc_auc": 0.849904724991414,
            "best_params": {
                "classifier__n_estimators": 200,
                "classifier__min_samples_split": 5,
                "classifier__max_depth": 2,
                "classifier__learning_rate": 0.05
            },
            "accuracy": 0.7991483321504613,
            "precision": 0.6607773851590106,
            "recall": 0.5,
            "f1": 0.5692541856925418,
            "roc_auc": 0.8456883412126379
        }
    }
}