{
    "accuracy": 0.8048261178140526,
    "precision": 0.6551724137931034,
    "recall": 0.5588235294117647,
    "f1": 0.6031746031746031,
    "roc_auc": 0.8427135808209977
}