{
    "best_model": "gradient_boosting",
    "selection_metric": "cv_roc_auc",
    "models": {
        "logistic_regression": {
            "cv_accuracy": 0.802095977784117,
            "cv_precision": 0.6528985914483468,
            "cv_recall": 0.5431438127090301,
            "cv_f1": 0.5923158544291797,
            "cv_roc_auc": 0.8461368989751807,
            "accuracy": 0.8055358410220014,
            "precision": 0.6572327044025157,
            "recall": 0.5588235294117647,
            "f1": 0.6040462427745664,
            "roc_auc": 0.8418610659019866
        },
        "random_forest": {
            "cv_accuracy": 0.775827618869001,
            "cv_precision": 0.5682197769886181,
            "cv_recall": 0.6448160535117056,
            "cv_f1": 0.6039677244079844,
            "cv_roc_auc": 0.8223340419518328,
            "accuracy": 0.7636621717530163,
            "precision": 0.5484633569739953,
            "recall": 0.6203208556149733,
            "f1": 0.5821831869510665,
            "roc_auc": 0.8224573096695857
        },
        "gradient_boosting": {
            "cv_accuracy": 0.8033396322464424,
            "cv_precision": 0.660565829433426,
            "cv_recall": 0.5337792642140469,
            "cv_f1": 0.5902001258679758,
            "cv_roc_auc": 0.8478405368464526,
            "accuracy": 0.8062455642299503,
            "precision": 0.6735395189003437,
            "recall": 0.5240641711229946,
            "f1": 0.5894736842105263,
            "roc_auc": 0.8433620088351547
        }
    }
}